test_name,p_value_g,p_value_f
Pendulum_v0,0.00014905414954154898,8.294087511373069e-15
BipedalWalker_v3,9.060692534116609e-15,6.590765894267138e-32
BipedalWalkerHardcore_v3,5.828287772066856e-10,1.6727225149447286e-34
LunarLanderContinuous_v2,0.001537920663853883,1.4846494612434013e-35
Banknote_Auth,4.9102746701473156e-27,5.845881248038752e-36
Wine_Quality,3.866278764356953e-12,6.110064236118259e-28
MNIST,8.126965011283427e-23,5.97144424012557e-35
